<beans:beans xmlns="http://www.springframework.org/schema/security"
	xmlns:beans="http://www.springframework.org/schema/beans"
	xmlns:xsi="http://www.w3.org/2001/XMLSchema-instance"
	xsi:schemaLocation="http://www.springframework.org/schema/security http://www.springframework.org/schema/security/spring-security-3.2.xsd
		http://www.springframework.org/schema/jee http://www.springframework.org/schema/jee/spring-jee.xsd
		http://www.springframework.org/schema/beans http://www.springframework.org/schema/beans/spring-beans.xsd">

    <beans:bean id="dataSource"
         class="org.springframework.jdbc.datasource.SimpleDriverDataSource">
         <beans:property name="driverClass" value="oracle.jdbc.OracleDriver" />
         <beans:property name="url" value="jdbc:oracle:thin:@localhost:1521:xe" />
         <beans:property name="username" value="s_prj" />
         <beans:property name="password" value="1234" />
    </beans:bean>
	
    <http auto-config="true" 
    	  use-expressions="true"
    	  > 
    	  <!-- access-denied-page="/denied" -->
    
   		<headers>
			<cache-control />
		</headers>
    
        <intercept-url pattern="/user/**" access="hasAnyRole('ROLE_USER','ROLE_ADMIN')"/>
        <intercept-url pattern="/admin/**" access="hasRole('ROLE_ADMIN')"/>
        
        <form-login login-page="/login" 
       			    default-target-url="/"
       			    username-parameter="username"
       			    password-parameter="password"
           		    authentication-failure-url="/loginError" />
          
      	<logout logout-url="/logoutForm"
      			logout-success-url="/"
			    delete-cookies="JSESSIONID" />  		
			    <!-- delete-cookies="JSESSIONID,SPRING_SECURITY_REMEMBER_ME_COOKIE"	
       		
       	<remember-me key="wmoskey" token-validity-seconds="60"/> -->

       		
     	<access-denied-handler error-page="/access-denied" />
     	
   	    <session-management>
		    <concurrency-control max-sessions="1" 
							     error-if-maximum-exceeded="true" />
	    </session-management>
     	
    </http>
    
    <authentication-manager erase-credentials="true">
          <authentication-provider ref="customProvider" />
    </authentication-manager> 
	
   	<beans:bean id="customProvider" 
				class="com.javateam.service.CustomProvider">
        <beans:property name="dataSource" ref="dataSource" />
	</beans:bean>  
	
    <beans:bean id="authJdbcService" 
    	  		class="com.javateam.service.AuthJdbcService">
        <beans:property name="dataSource" ref="dataSource" />
    </beans:bean>  

	<beans:bean id="encoder" 
				class="org.springframework.security.crypto.bcrypt.BCryptPasswordEncoder">
		<beans:constructor-arg name="strength" value="20" />
	</beans:bean>   
	
</beans:beans>