<?xml version="1.0" encoding="UTF-8"?>
<beans:beans xmlns="http://www.springframework.org/schema/mvc"
	xmlns:xsi="http://www.w3.org/2001/XMLSchema-instance"
	xmlns:beans="http://www.springframework.org/schema/beans"
	xmlns:context="http://www.springframework.org/schema/context"
	xsi:schemaLocation="http://www.springframework.org/schema/mvc http://www.springframework.org/schema/mvc/spring-mvc.xsd
		http://www.springframework.org/schema/beans http://www.springframework.org/schema/beans/spring-beans.xsd
		http://www.springframework.org/schema/context http://www.springframework.org/schema/context/spring-context.xsd">

	<beans:bean class="org.springframework.web.servlet.handler.BeanNameUrlHandlerMapping" />

	<!-- DispatcherServlet Context: defines this servlet's request-processing infrastructure -->
	
	<!-- Enables the Spring MVC @Controller programming model -->
	<annotation-driven />

	<!-- Handles HTTP GET requests for /resources/** by efficiently serving up static resources in the ${webappRoot}/resources directory -->
	<resources mapping="/resources/**" location="/resources/" />
	
	<!-- file upload path : 반드시 네트워크 경로 쓸 것.
    windows 경로 (X)  ex) E:\lsh\fileupload (X) -->
    <resources mapping="/image/**" location="file:///C://Users//jsh32//git//Project2//shoping_project//src//main//webapp//resources//used-image//" />
<!--     <resources mapping="/image/**" location="file:///C://Users//jsh32//git//Project2//shoping_project//src//main//webapp//WEB-INF//used-image//" /> -->
	<!-- <resources mapping="/iamge/**" location="file:///C://Users//ss//git//Project//shoping_project//src//main//webapp//resources//used-image//" /> -->
 	<!-- image path /image로 불러와짐
	<resources mapping="/image/**" location="/resources/image/" /> -->
	
	<!-- javascript -->
	<resources mapping="/js/**" location="/WEB-INF/views/js/" />
	

               
               
	<!-- Resolves views selected for rendering by @Controllers to .jsp resources in the /WEB-INF/views directory -->
	<beans:bean class="org.springframework.web.servlet.view.InternalResourceViewResolver">
		<beans:property name="prefix" value="/WEB-INF/views/" />
		<beans:property name="suffix" value=".jsp" />
	</beans:bean>
	
	<context:component-scan base-package="com.javateam.controller" />
 	<context:component-scan base-package="com.javateam.service" />
	<context:component-scan base-package="com.javateam.model.vo" />
	<context:component-scan base-package="com.javateam.model.jpavo" />
	
</beans:beans>


